filename,source_id,decision,reason,distance
SRC_001_000000_t000.0s.jpg,SRC_001,KEPT,Assigned to IMG_000001,N/A
SRC_001_000001_t001.0s.jpg,SRC_001,KEPT,Assigned to IMG_000002,14
SRC_001_000002_t002.0s.jpg,SRC_001,KEPT,Assigned to IMG_000003,10
SRC_001_000003_t003.0s.jpg,SRC_001,REMOVED,Perceptual duplicate (distance 6 <= 6),6
SRC_001_000004_t004.0s.jpg,SRC_001,KEPT,Assigned to IMG_000004,12
SRC_001_000005_t005.0s.jpg,SRC_001,KEPT,Assigned to IMG_000005,16
SRC_001_000006_t006.0s.jpg,SRC_001,KEPT,Assigned to IMG_000006,12
SRC_001_000007_t007.0s.jpg,SRC_001,KEPT,Assigned to IMG_000007,8
SRC_001_000008_t008.0s.jpg,SRC_001,KEPT,Assigned to IMG_000008,10
SRC_001_000009_t009.0s.jpg,SRC_001,KEPT,Assigned to IMG_000009,14
SRC_001_000010_t010.0s.jpg,SRC_001,KEPT,Assigned to IMG_000010,12
SRC_001_000011_t011.0s.jpg,SRC_001,KEPT,Assigned to IMG_000011,14
SRC_001_000012_t012.0s.jpg,SRC_001,KEPT,Assigned to IMG_000012,10
SRC_001_000013_t013.0s.jpg,SRC_001,KEPT,Assigned to IMG_000013,10
